{"best_fitness_history": [-37.5291781409252, -18.469856329521264, -22.86920312650532, -7.065936801017057, -40.81668036401249, -41.64598495324714, -4.969204589436371, -12.793763637322153, -31.583738959887995, -16.52124888336137, -20.55996576493054, -27.135798558338905, -43.24360660788528, -21.37749983903138, -12.301833704227214, -36.13615767799612, -17.15387999341081, -37.28086387975447, -25.59649063945565, -26.55095983195473, -35.01488516650079, -26.430927052498866, -26.2528046889204, -27.184268351030074, -28.634803506930393, -30.36989401804946, -31.911653071978844, -0.5646502175700945, -32.73646927026428, -34.5388889434946, -36.63699173058309, -36.144462797887776, -35.11756987749384, -9.885165709947326, -21.6011999408183, -32.32359902698927, -25.11236956060666, -40.83100863376361, -31.811977601013837, -15.688271339893877, -31.32532683557519, -23.99130007945005, -44.21878083995868, -28.526761262041862, -33.332591833973865, -25.382968647581148, -17.714872343799264, -20.989209570724885, -27.973728105301387, -36.01955641010717, 9.032251566263003, -18.165742194780382, -32.41803144340968, -11.139903396096125, -22.03157662193202, -38.995667284173756, -34.91777766187035, -33.8726226511553, -30.518799318208796, -19.59747312194782, -29.61985336171291, -23.22233691052101, 25.657634647254575, -25.22198191194994, -24.719244613214812, -5.977418150983011, -12.480939651737575, -3.4119182208471046, -32.3963137884882, -36.920125403973294, -27.866893410755882, -36.91086975497838, -33.78427058155423, -26.761468394457836, -29.240328279950177], "mean_fitness_history": [-68.6424404223642, -72.29088410499854, -73.83558999772353, -67.24209527156154, -72.99216928995736, -69.99372892753851, -69.60373348005662, -71.19191842872132, -73.01012589891845, -74.02575063848286, -81.06790820205106, -68.99218926626055, -72.76594373145461, -68.41733847534778, -70.65863389382662, -69.50175499398225, -70.59110319467966, -70.79405089047273, -65.5719276865398, -72.12001166176643, -74.05885339763807, -69.4475925414701, -72.69030470288578, -67.9449951130097, -73.61117953330236, -69.74484010806367, -76.0108411788419, -70.38703282614415, -73.40369251558397, -77.6961359658201, -77.23413178934, -71.36528950937692, -73.9667232542844, -69.41949313550003, -78.06897092432105, -71.3781427289081, -68.8223265445769, -74.86686881539586, -85.95074717964079, -75.58052604793626, -75.97891004145593, -71.17087024016135, -77.74903667937463, -72.75449639537032, -67.464732464571, -72.55150259972997, -70.52233137655071, -65.49795239909494, -70.04024999430624, -71.99398018437844, -64.90692966056594, -66.64553464833278, -67.30538061934776, -67.94897092504536, -73.73138176631764, -73.84507263885985, -70.51652456396718, -77.93056212814315, -74.10362930652792, -63.05713015217938, -70.96161769083406, -67.66562221421916, -60.60517633959033, -70.49426027453624, -65.72678563758839, -70.61961843810182, -69.75755160677568, -66.42612621138143, -71.73340366176596, -71.9719497432028, -70.07310139855134, -74.78030964290934, -68.2317965057494, -84.92235430259166, -80.02288815137223], "sigma_history": [0.09955164939199414, 0.09912528725554993, 0.09871599654166731, 0.09832162527954119, 0.0979412181989275, 0.09757141397067194, 0.09721339352617878, 0.09686551636482675, 0.09652693070816719, 0.0961949114100804, 0.09587043330482606, 0.09555551879977543, 0.09524866129121172, 0.0949485875541718, 0.0946537811847452, 0.09436482043019509, 0.0940812643617637, 0.09380421936550112, 0.09353287182335156, 0.09326501270936179, 0.09300217958246132, 0.0927442524416942, 0.09249113118405719, 0.09224182649345433, 0.09199661345955099, 0.0917564568620441, 0.09152157506279258, 0.0912915884553981, 0.09106529020219276, 0.09084278908509295, 0.09062407428972201, 0.09040956471759266, 0.0901986044127243, 0.08999158250323651, 0.08978831006576317, 0.08958934543395741, 0.0893938590847793, 0.0892021280382469, 0.08901351152370554, 0.08882903955107953, 0.0886466313452653, 0.08846646081427079, 0.08828896449333144, 0.08811368225320575, 0.08793973009896662, 0.08776759624443332, 0.08759821675917866, 0.08743135588225437, 0.08726676071422516, 0.08710318099507561, 0.08694209153121917, 0.08678409507559906, 0.08662808384901695, 0.08647425635246929, 0.08632297670624423, 0.0861739686799843, 0.08602789608654877, 0.08588338570628122, 0.08574137636009167, 0.08560182700218302, 0.08546410115307296, 0.08532881489819684, 0.08519502055218771, 0.08506267551101458, 0.0849324602624963, 0.08480336700314595, 0.08467551110063656, 0.0845494594788038, 0.08442506471482351, 0.08430170263351655, 0.08417981503917404, 0.08405968431615539, 0.08394148654131367, 0.08382538179122978, 0.08371082764413068]}