{"best_fitness_history": [-37.5291781409252, -18.469856329521264, -22.86920312650532, -7.065936801017057, -40.81668036401249, -41.64598495324714, -4.969204589436371, -12.793763637322153, -31.583738959887995, -16.52124888336137, -20.55996576493054, -27.135798558338905, -43.24360660788528, -21.37749983903138, -12.301833704227214, -36.13615767799612, -17.15387999341081, -37.28086387975447, -25.59649063945565, -26.55095983195473, -35.01488516650079, -26.430927052498866, -26.2528046889204, -27.184268351030074, -28.634803506930393], "mean_fitness_history": [-68.6424404223642, -72.29088410499854, -73.83558999772353, -67.24209527156154, -72.99216928995736, -69.99372892753851, -69.60373348005662, -71.19191842872132, -73.01012589891845, -74.02575063848286, -81.06790820205106, -68.99218926626055, -72.76594373145461, -68.41733847534778, -70.65863389382662, -69.50175499398225, -70.59110319467966, -70.79405089047273, -65.5719276865398, -72.12001166176643, -74.05885339763807, -69.4475925414701, -72.69030470288578, -67.9449951130097, -73.61117953330236], "sigma_history": [0.09955164939199414, 0.09912528725554993, 0.09871599654166731, 0.09832162527954119, 0.0979412181989275, 0.09757141397067194, 0.09721339352617878, 0.09686551636482675, 0.09652693070816719, 0.0961949114100804, 0.09587043330482606, 0.09555551879977543, 0.09524866129121172, 0.0949485875541718, 0.0946537811847452, 0.09436482043019509, 0.0940812643617637, 0.09380421936550112, 0.09353287182335156, 0.09326501270936179, 0.09300217958246132, 0.0927442524416942, 0.09249113118405719, 0.09224182649345433, 0.09199661345955099]}