{"best_fitness_history": [-93.6676008549978, -88.253027136671, -78.54933200536742, -60.622838869373915, -48.938024747084796, -96.44858330548456, -63.72232096746491, -62.837663918687994, -58.89085613708827, -77.46583120999553, -72.896593719672, -77.1004304638167, -70.48054334804826, -66.17678110589773, -69.7376446394411, -66.82327193147081, -43.23916206495209, -64.46360670129663, -75.93050481998473, -69.32774797178806, -52.68470585174837, -70.34420057044579, -68.28704164820057, -67.29826593516101, -62.942418619920886, -67.04924551762595, -74.78273675640176, -53.216346162287394, -64.5596824803846, -61.20375455228626, -84.02131401050748, -38.27526138424868, -80.55161616127168, -55.98433311448049, -55.85256981662356, -49.902853779208776, -61.65056917264364, -57.767816157744484, -60.98608909997866, -67.06115275045389, -56.389947324741, -41.113799633626414, -78.6941825361177, -65.33093609708678, -56.30613433787505, -66.4783618639124, -66.3785173587805, -62.43326112442579, -70.79672626533072, -58.398549261642735], "mean_fitness_history": [-448.6158571855491, -371.09241629220503, -355.25372993021097, -346.31352025321513, -324.64704114454173, -303.9911201658007, -248.8130496744938, -285.14958848286176, -299.11829059466186, -337.1546318795111, -283.27959267161197, -379.602622327536, -424.74292473990977, -301.4891624283671, -374.08229334658193, -358.30652547246024, -266.07033126067006, -321.3314251064686, -297.5797372383777, -306.1022894845429, -288.81376110210397, -267.2717220955419, -291.1830509118383, -254.5814341641073, -303.54597655658586, -266.6055128874277, -246.87547852244705, -283.71935707489587, -242.11238401594375, -195.12821545708425, -243.04178462629767, -275.0486703079358, -317.5508597514439, -265.3728678469824, -245.87457585640746, -222.16698032137668, -217.2525832297515, -231.38963347283075, -219.5059329477919, -230.25951108069734, -199.13132207080338, -203.9752605663458, -216.0533683670967, -204.0412046566202, -276.0662988423216, -234.44439335340303, -241.19000928074567, -239.99682498539005, -219.157239710633, -275.5672716026812], "sigma_history": [0.2488032815487191, 0.24766868070395193, 0.24658216473870068, 0.24553607899974586, 0.2445224135245349, 0.24353801078813012, 0.24258159461384102, 0.24165681541016354, 0.24075497419021535, 0.23987707550854526, 0.2390222647583761, 0.23818732216606886, 0.2373706862652659, 0.2365705206917421, 0.23578975258802531, 0.2350277346047864, 0.23428316887289968, 0.23355709707622233, 0.23284492918346372, 0.23214876230562595, 0.2314646242752567, 0.2307946589613683, 0.23014101662936054, 0.2295042445471555, 0.22888030066922616, 0.22827119313961705, 0.22767222798474254, 0.22708478161596823, 0.2265085457182727, 0.22594567965242332, 0.22539217086013605, 0.2248480445968233, 0.22431083280840663, 0.22378187596263116, 0.22326210081304526, 0.22274570356569054, 0.2222364536836051, 0.22173412625179698, 0.22124022084727743, 0.22075398813182864, 0.2202796408602009, 0.21981210003112855, 0.21935369176733774, 0.21890095187817607, 0.21846058011499286, 0.21802514776071136, 0.2175945320450278, 0.21717101528314756, 0.21675591851684178, 0.2163497071544582]}