{"best_fitness_history": [-47.86851544835342, -80.89087636793641, -67.07560839666681, -77.92338051032331, -73.82151485507957, -91.29778986885019, -86.48884857560803, -98.68249775247529, -84.27007662595673, -84.72884425659466, -72.1694323304301, -67.75334275439073, -64.73375750299633, -54.282923171643425, -68.83060129153777, -82.3288667089053, -64.0804036999074, -56.77253019047438, -86.30281119144662, -70.5724064337086, -83.15330986283803, -86.3638460620239, -55.37236944023057, -77.08234776268384, -74.3496626422079, -81.5800702268953, -64.91249839147284, -82.09124467626876, -56.19839419263694, -43.26236556697942, -63.1412802104238, -76.13762772895547, -62.47792559414521, -65.44897237117138, -46.821844811549354, -76.36104532624469, -77.56981049577139, -58.89860938797983, -72.90068669131685, -73.90485199270705, -69.57855994446285, -61.68235966542608, -71.03256028424694, -55.269422862741294, -68.29298227824762, -70.43486234493818, -65.80959173068756, -86.42675941375694, -70.60226159537338, -68.63372259900972, -81.11887076084095, -74.40958642068182, -58.598423830063794, -64.96886153818977, -83.44538325550653, -84.79552301744805, -53.17830848792319, -50.516724130628134, -55.6221175562453, -57.48829753422452, -63.85508974091206, -69.91280427306654, -75.81797616205387, -50.31890354277246, -50.902737566478535, -68.65055761563498, -70.38059669776345, -74.95651550293094, -72.03450792596337, -66.91406953115401, -58.668019302046716, -75.22996479457859, -69.27771428728367, -64.13028179276452, -80.24000741334964, -73.86849389353924, -66.59828659483341, -74.8407407052827, -82.75562393552548, -77.9264098578302], "mean_fitness_history": [-124.84101356592618, -147.72519014324212, -146.47393385253054, -137.6577432906604, -137.65903287858433, -145.37109428226603, -148.87669937592813, -143.41906434957863, -145.3987347704146, -127.77446397497809, -138.6142321160496, -133.00433153727482, -136.4989805522795, -124.57471164772737, -139.6966920076406, -120.46320233404582, -120.04151217166742, -139.45157623338616, -127.07532828124229, -120.00199644537587, -125.87997865632029, -133.26971265042624, -126.77295133483905, -131.32817358243258, -125.10624229760481, -134.44060095079473, -128.20560401677264, -130.6990851558984, -136.6383288273498, -128.74067473569608, -128.8620666812723, -117.86492406354259, -124.5981333955746, -115.91354668286239, -118.22165808041981, -123.7760798575154, -123.10062109834138, -118.58237482984984, -125.85579911655523, -127.01885302666096, -121.60386254810106, -125.9758222550442, -124.56897096676744, -120.57591883190148, -122.88291987560551, -126.31281042565217, -121.3750858000333, -125.75497564369252, -124.07713811761002, -118.06544217215661, -125.07103157586748, -132.17417536427348, -133.24282065024164, -117.10426882533748, -127.95794591092434, -127.30096508357249, -113.36810859200614, -121.07882815596898, -127.86736644414886, -114.67862554768953, -115.95647903816538, -122.56601259360082, -123.03052729086238, -118.8583718997337, -111.86757929768424, -115.61340700629157, -119.02938355027692, -112.34461511676034, -119.64519861894472, -120.40991453848082, -116.4313046990365, -116.91500495772766, -114.43763338629573, -116.37090694649376, -121.05796580605293, -130.2288044016746, -112.01760111651126, -115.79576663631289, -117.59365066420264, -126.40183463187819], "sigma_history": [0.24930032889767578, 0.2486248194687242, 0.24797057061310007, 0.24733398024527495, 0.24671315990145976, 0.2461059105039875, 0.24551219327438256, 0.24492931986073554, 0.2443569126230461, 0.2437948284209152, 0.24324288415540324, 0.2427020603640654, 0.24216975324742518, 0.24164650493593565, 0.24113219652842827, 0.24062373207032775, 0.24012277417917843, 0.23963217792425753, 0.2391492028430162, 0.23867302486262168, 0.23820381722089515, 0.2377406981465347, 0.23728439571566892, 0.23683519295290983, 0.23639269895635145, 0.2359564114337691, 0.23552443566185916, 0.23509727991649987, 0.23467490170266386, 0.2342561596801435, 0.23384089756674384, 0.23343226922400803, 0.2330287744377223, 0.2326289401527037, 0.23223447275718007, 0.2318444463249422, 0.2314590738049406, 0.23107918213655484, 0.23070410578595296, 0.23033438775106113, 0.22996926987443556, 0.22960837768313747, 0.2292519146536846, 0.22889977655027516, 0.22855120215491143, 0.22820580003758678, 0.22786393306951955, 0.22752493145403774, 0.2271882555492852, 0.22685452877662796, 0.22652567686967998, 0.2261992206781438, 0.22587557254304344, 0.225553647167203, 0.22523472790554955, 0.2249189404814903, 0.22460849377264272, 0.22430174053730773, 0.22399750038396293, 0.22369557439415078, 0.22339562860899354, 0.22309842431345775, 0.22280448112036716, 0.22251368215509057, 0.22222601614513357, 0.2219405559488842, 0.22165781537456739, 0.22137752584260217, 0.22109896192036982, 0.22082229994348337, 0.22054798974943993, 0.2202784922813956, 0.22001159248039237, 0.21974966356554335, 0.21948965429207276, 0.2192334329641293, 0.2189786164167749, 0.21872701468556213, 0.21847658384372798, 0.2182276007321426]}