{"best_fitness_history": [-76.6801170680715, -90.3572939226401, -92.27292055152645, -94.78060257122759, -47.276802236265375, -90.27894891989926, -79.99506300735116, -89.96590877583888, -108.3456013831216, -88.99797142231982, -92.94054261902166, -96.55597365771447, -105.36292047670058, -89.55166128920845, -90.5549310492378, -99.81465787693807, -107.00681214897875, -87.15487305290311, -84.05308282769523, -87.60548713416378, -89.49701529471733, -71.98609006653558, -105.22584641669766, -89.03819934842193, -97.46916936354792, -80.19809613199214, -84.40613092138213, -110.13964921420265, -104.95347384136149, -102.0910204978149, -103.58875891698729, -84.7192369771524, -98.36409650942893, -96.58471315246129, -103.0086660600389, -106.6928354341914, -108.15229109839393, -64.81450343414147, -102.40076296126975, -71.75092043461743, -105.03129703672816, -117.11538933264596, -104.60097661963603, -113.60376041214386, -99.82312487342993, -108.16239758379872, -109.97420888598117, -78.14926144995772, -119.00489525469277, -100.53262078100468, -101.97938415946837, -122.22176171935412, -85.89610526475005, -123.42944758390486, -100.72088342515403, -121.52334673256198, -88.02479539358507, -116.03914334819657, -118.25637306906098, -111.90869028293154, -123.42495318197618, -131.5218981373617, -111.59138012568451, -128.11372463090424, -100.00607429337946, -110.00364477913945, -122.86966082897973, -115.77420755165011, -122.43974729262838, -119.41869264706183, -104.8379614698215, -103.5569664243443, -140.0722142624357, -117.96088982964989, -116.167195882041, -117.3824503641572, -113.84198571401836, -106.21139050542301, -115.922500861878, -111.61047377912118, -97.3368421090554, -116.79081106089328, -128.12928320066877, -134.92742469926543, -123.32822382305717, -114.66411288937927, -103.00975486150396, -131.99396621872864, -108.01487291633501, -118.14148401228594, -124.0343351622241, -143.22116401602278, -116.36456014712394, -106.56883351069965, -126.68058401143955, -150.13027818305144, -128.03678751411107, -81.92012122757468, -139.73813518993455, -122.60632168782357], "mean_fitness_history": [-154.9327595072469, -152.7340457695616, -145.37515549430918, -138.57986705569596, -154.82961912562433, -141.6246265917854, -141.59567447005458, -157.34792508812222, -143.26631251433298, -141.96173982976114, -145.00522329736012, -153.71996382726024, -151.22896758555947, -169.4577679673351, -161.25368741394536, -160.0457471322959, -161.19722986227185, -151.24137535974668, -151.17742494054121, -144.69890288133024, -144.34689485061995, -149.09021663868361, -147.642681475441, -146.38954676138457, -150.59414042699808, -142.58129104004595, -149.47777357459256, -150.72352480942163, -158.77236499203065, -162.721923568083, -152.73847217318075, -161.2972786408645, -151.24309653159196, -144.83316375138472, -153.8617803752265, -148.78593162168647, -152.2182702082199, -143.17760945001717, -156.5231202862435, -148.5187003493541, -154.71822904815286, -169.11923174953225, -159.92969307138256, -157.86171672250583, -150.7962197259174, -154.69958248508203, -151.2368627808936, -149.7722480735728, -156.9029428207266, -154.4058342126399, -158.27843334459362, -162.71609187926845, -153.81449976487494, -167.3899218597511, -165.0965955060518, -164.15307280191627, -161.98419639786482, -163.60156414376823, -165.51182266667655, -166.24413437087557, -174.06868224029762, -175.76072170604823, -162.6772144815615, -173.04949316550622, -158.74703565977325, -162.2982170034149, -159.25208146167395, -167.95120686098514, -166.06796932924556, -164.5751637578097, -168.93395849326427, -164.83787961810413, -176.6625291476161, -171.97555038887964, -174.3088352378609, -165.75330453066348, -165.68455183961134, -178.8499070431791, -168.8231703928828, -166.14617647872834, -170.62774770155892, -168.35130499479385, -173.6540239641341, -171.58151953663008, -176.41159757928313, -181.3094776638008, -172.4975408525155, -178.64943630219216, -172.72953111996088, -184.43075184487844, -176.52059338479683, -184.92829056505087, -171.99955027970537, -179.50847122454215, -178.1177423337066, -194.1119310373358, -186.85744207564449, -185.10134460425786, -175.86836787234222, -188.5614573450736], "sigma_history": [0.24930112518086817, 0.24862727996387574, 0.2479733583305702, 0.24733631113883497, 0.24671492105928114, 0.24610676860780692, 0.24551045959029918, 0.2449260831238169, 0.24435336437512564, 0.24379313095101848, 0.24324244216733978, 0.24270283850458224, 0.24217218678971172, 0.24165068559649208, 0.241135954698015, 0.2406290880095691, 0.24012991872949258, 0.2396377488047872, 0.23915393825241585, 0.23867743356284346, 0.23820777921162012, 0.23774327108984988, 0.2372846471741711, 0.2368324989571732, 0.2363864803065238, 0.23594587134255351, 0.2355092809413603, 0.23507918876126785, 0.23465433471383232, 0.23423411436519415, 0.23381757721302251, 0.23340500514289328, 0.23299707647870732, 0.2325941796892731, 0.23219573564638715, 0.23180207138344136, 0.2314109524601763, 0.2310256979849087, 0.23064391362761902, 0.2302676248101062, 0.22989621794479292, 0.2295285613186979, 0.22916367348492905, 0.2288038945990415, 0.2284459396444167, 0.22809223390016073, 0.22774288254929753, 0.2273958486733968, 0.2270517375954499, 0.22671094144499648, 0.226373796073941, 0.2260398928371084, 0.22570963365830446, 0.2253830340031115, 0.22506030488397555, 0.2247411529666028, 0.22442368910860247, 0.22410870101781172, 0.22379716646583794, 0.22348924116399255, 0.22318487639250842, 0.22288315308024226, 0.22258306357002516, 0.22228639549626608, 0.22199265027425774, 0.22170124297032015, 0.22141171006937366, 0.22112513232827904, 0.2208407436500367, 0.22055844598697888, 0.2202792571430232, 0.22000082212921096, 0.21972545109342903, 0.2194530668856852, 0.21918402917491334, 0.21891719509572496, 0.21865287875284153, 0.21839019916485602, 0.2181301360049803, 0.21787328943771683, 0.21761847896164443, 0.21736543120345017, 0.21711489969235584, 0.21686722948719528, 0.21662187503438834, 0.21637781252464558, 0.21613636638567424, 0.21589737752936, 0.21566219713158555, 0.21542842708450835, 0.21519631039150255, 0.21496708366452527, 0.21473890206726365, 0.2145128006474041, 0.2142885529751141, 0.21406705677459084, 0.2138481266882982, 0.21363139581352444, 0.21341683414796978, 0.21320378072837964]}