{"best_fitness_history": [-18.88914598065866, -19.18346407897707, -8.075594928671642, -12.938391627041195, -9.719454372616486, -4.008634541009725, -3.470015467271837, -2.511039967693653, -1.0769633182788259, -0.48144015669822693, -0.5792834162712097, -0.49423447251319885, -0.10556062864793155, -0.3075353801250458, -0.3896902123900837, -0.26428961753845215, -0.23162321746349335, -0.2629019995804576, -0.2401483952999115, -0.21882593631744385, -0.13633939623832703, -0.03613940626382828, -0.14527806639671326, -0.03472086414694786, -0.041277926415205, -0.0342937670648098, -0.026727784425020218, -0.003648193087428808, -0.015044157393276691, -0.010638992302119732, -0.0019063636427745223, -0.000811971549410373, 0.1432959936671664, -0.0004993262700736523, -8.693224663147703e-05, -6.0955168009968475e-05, -6.223281525308266e-05, -5.798511210741708e-06, -1.9460561816231348e-05, -6.929436494829133e-06, 0.09139805301681428, -7.090774545304157e-08, -2.7694918358633913e-08, -8.081762814526883e-09, 0.18844388407743487, -2.571672430562444e-09, -9.977924042559039e-10, 0.06554946589217873, 0.09152863842088173, -2.912440427715879e-11], "mean_fitness_history": [-115.04958526575595, -97.30145663416468, -58.932549129904444, -49.30905376168331, -50.514273895114925, -33.88557949439007, -19.005625370649177, -15.899324640478314, -10.167975721433463, -7.2179230953741325, -5.498024137356637, -3.2648389343348345, -2.41743255791219, -2.297413368678375, -1.8353405443883508, -1.3685606007508189, -1.1306928094510378, -1.0843089743856178, -0.8029534581354578, -0.7948557894726961, -0.5423756006392513, -0.5040829855846014, -0.4762052331262685, -0.3591544700861217, -0.27591654746879735, -0.30667647349030425, -0.2459603207659054, -0.18996352105041275, -0.27294698370847603, -0.1362781009640685, -0.13725043090431896, -0.18594092982379562, -0.1187475807277862, -0.14969480830651422, -0.17303879053903548, -0.1381677459848185, -0.10817306668997631, -0.16788449376675607, -0.142063658134574, -0.10387150386210332, -0.10462327214597394, -0.08424698308341488, -0.0438224353694714, -0.03217443138543388, -0.0403772504494929, -0.02781882627468485, -0.03567665573912382, -0.02061889594486622, -0.02488900157818908, -0.005863973213085578], "sigma_history": [0.2488166012377014, 0.24769436703355646, 0.24662389035701562, 0.24559359653687768, 0.2445925366708331, 0.24362081828902518, 0.242677322176137, 0.24176220918345456, 0.24087253369635198, 0.24000605235880618, 0.23916273016997242, 0.23834328969126667, 0.2375408103127155, 0.2367578969344014, 0.2359920059836203, 0.2352418808092699, 0.2345082986274899, 0.23379115630012834, 0.23308730287666024, 0.23240084050951812, 0.2317322182086594, 0.23107718031667937, 0.2304347362958955, 0.22980463691419584, 0.22918774938051834, 0.22858642707230992, 0.2279952806612661, 0.22741633182370596, 0.22685041831540928, 0.22629813540709875, 0.22575899137747618, 0.2252307153559728, 0.22471002033013407, 0.22419930178788874, 0.22369349588133414, 0.22319687392592527, 0.22270637068134655, 0.22222439111053513, 0.2217519756836954, 0.22128707730934874, 0.2208311477112541, 0.22038353911346104, 0.21994254477541483, 0.21950862550115396, 0.2190793260166274, 0.21865760145021074, 0.2182435313827367, 0.2178354080060958, 0.2174351393703875, 0.2170413862671726]}