{"best_fitness_history": [-93.6676008549978, -88.253027136671, -78.54933200536742, -60.622838869373915, -48.938024747084796, -96.44858330548456, -63.72232096746491, -62.837663918687994, -58.89085613708827, -77.46583120999553, -72.896593719672, -77.1004304638167, -70.48054334804826, -66.17678110589773, -69.7376446394411, -66.82327193147081, -43.23916206495209, -64.46360670129663, -75.93050481998473, -69.32774797178806, -52.68470585174837, -70.34420057044579, -68.28704164820057, -67.29826593516101, -62.942418619920886], "mean_fitness_history": [-448.6158571855491, -371.09241629220503, -355.25372993021097, -346.31352025321513, -324.64704114454173, -303.9911201658007, -248.8130496744938, -285.14958848286176, -299.11829059466186, -337.1546318795111, -283.27959267161197, -379.602622327536, -424.74292473990977, -301.4891624283671, -374.08229334658193, -358.30652547246024, -266.07033126067006, -321.3314251064686, -297.5797372383777, -306.1022894845429, -288.81376110210397, -267.2717220955419, -291.1830509118383, -254.5814341641073, -303.54597655658586], "sigma_history": [0.2488032815487191, 0.24766868070395193, 0.24658216473870068, 0.24553607899974586, 0.2445224135245349, 0.24353801078813012, 0.24258159461384102, 0.24165681541016354, 0.24075497419021535, 0.23987707550854526, 0.2390222647583761, 0.23818732216606886, 0.2373706862652659, 0.2365705206917421, 0.23578975258802531, 0.2350277346047864, 0.23428316887289968, 0.23355709707622233, 0.23284492918346372, 0.23214876230562595, 0.2314646242752567, 0.2307946589613683, 0.23014101662936054, 0.2295042445471555, 0.22888030066922616]}