{"best_fitness_history": [-70.42079222292224, -51.67564012730853, -51.47713214990572, -72.4685046531429, -68.24977732725034, -75.96345327257181, -81.45517282633243, -62.33877725318384, -71.1896484954445, -71.24752520281211, -70.6254662241458, -74.98058585962019, -65.20674196622176, -71.76993876714107, -61.204706061240834, -63.68744010061964, -66.70170044180972, -63.247622757890255, -67.52429308195323, -63.97662722965443, -56.253929167248316, -37.146760499691425, -52.31824923579328, -55.413454525748406, -45.97021808651514], "mean_fitness_history": [-135.28626990829127, -146.92914073736233, -133.78886641982376, -138.07423434445263, -137.68212033570433, -137.34067870250607, -135.87997470046798, -130.18440969062038, -128.02827841966962, -132.74023205945858, -130.6148964641451, -137.93357434196443, -136.49513082239108, -132.31876943148413, -123.64659820435132, -119.00662983140558, -130.6201071867149, -123.04739984690706, -125.87898676343013, -124.54098867541671, -124.49708617221799, -119.37669409748929, -119.20434716033945, -120.55039762125406, -117.43034503961853], "sigma_history": [0.24881427809274345, 0.24769000416057052, 0.24660862525572963, 0.24556546536838222, 0.24455794356113547, 0.2435797845877868, 0.24263180792533035, 0.24171179963436584, 0.24081772526609393, 0.23994802335435947, 0.23910125986228678, 0.23827638753614888, 0.23747233705128054, 0.23668754255136978, 0.23591821102740343, 0.2351657551753282, 0.23442704465193323, 0.23370281703890242, 0.23299217960097232, 0.23229635124639075, 0.23161557145283124, 0.23094469544090795, 0.23028546326336566, 0.22964019003159938, 0.22900923869028267]}